StartDate,EndDate,PresidentName,PartyAffiliation,PartyAbbrev,DiedInOffice,ConsecutiveTermsServed
4/30/1789,3/4/1797,George Washington,Independent,I,N,2
3/4/1797,3/4/1801,John Adams,Federalist,F,N,1
3/4/1801,3/4/1809,Thomas Jefferson,Democratic-Republican,DR,N,2
3/4/1809,3/4/1817,James Madison,Democratic-Republican,DR,N,2
3/4/1817,3/4/1825,James Monroe,Democratic-Republican,DR,N,2
3/4/1825,3/4/1829,John Q. Adams,Democratic-Republican,DR,N,1
3/4/1829,3/4/1837,Andrew Jackson,Democratic,D,N,2
3/4/1837,3/4/1841,Martin Van Buren,Democratic,D,N,1
3/4/1841,4/4/1841,William Henry Harrison,Whig,W,Y,1
4/4/1841,3/4/1845,John Tyler,Whig,W,N,1
3/4/1845,3/4/1849,James K. Polk,Democratic,D,N,1
3/4/1849,7/9/1850,Zachary Taylor,Whig,W,Y,1
7/9/1850,3/4/1853,Millard Fillmore,Whig,W,N,1
3/4/1853,3/4/1857,Franklin Pierce,Democratic,D,N,1
3/4/1857,3/4/1861,James Buchanan,Democratic,D,N,1
3/4/1861,4/15/1865,Abraham Lincoln,Republican,R,Y,1
4/15/1865,3/4/1869,Andrew Johnson,Democratic,D,N,1
3/4/1869,3/4/1877,Ulysses S. Grant,Republican,R,N,2
3/4/1877,3/4/1881,Rutherford B. Hayes,Republican,R,N,1
3/4/1881,9/19/1881,James A. Garfield,Republican,R,Y,1
9/19/1881,3/4/1885,Chester A. Arthur,Republican,R,N,1
3/4/1885,3/4/1889,Grover Cleveland,Democratic,D,N,1
3/4/1889,3/4/1893,Benjamin Harrison,Republican,R,N,1
3/4/1893,3/4/1897,Grover Cleveland,Democratic,D,N,1
3/4/1897,9/14/1901,William McKinley,Republican,R,Y,1
9/14/1901,3/4/1909,Theodore Roosevelt,Republican,R,N,2
3/4/1909,3/4/1913,William H. Taft,Republican,R,N,1
3/4/1913,3/4/1921,Woodrow Wilson,Democratic,D,N,2
3/4/1921,8/2/1923,Warren G. Harding,Republican,R,Y,1
8/2/1923,3/4/1929,Calvin Coolidge,Republican,R,N,2
3/4/1929,3/4/1933,Herbert Hoover,Republican,R,N,1
3/4/1933,1/20/1945,Franklin D. Roosevelt,Democratic,D,Y,3
1/20/1945,1/20/1953,Harry S. Truman,Democratic,D,N,2
1/20/1953,1/20/1961,Dwight D. Eisenhower,Republican,R,N,2
1/20/1961,11/22/1963,John F. Kennedy,Democratic,D,Y,1
11/22/1963,1/20/1969,Lyndon B. Johnson,Democratic,D,N,2
1/20/1969,8/9/1974,Richard Nixon,Republican,R,N,1
8/9/1974,1/20/1977,Gerald R. Ford,Republican,R,N,1
1/20/1977,1/20/1981,Jimmy Carter,Democratic,D,N,1
1/20/1981,1/20/1989,Ronald Regan,Republican,R,N,2
1/20/1989,1/20/1993,George H. W. Bush,Republican,R,N,1
1/20/1993,1/20/2001,William Clinton,Democratic,D,N,2
1/20/2001,1/20/2009,George Bush,Republican,R,N,2
1/20/2009,1/20/2017,Barack Obama,Democratic,D,N,2
1/20/2017,1/20/2021,Donald Trump,Republican,R,N,1
1/20/2021,1/20/2025,Joe Biden,Democratic,D,N,1