StartDate,EndDate,VicePresidentName,PartyAffiliation,PartyAbbrev
4/21/1789,3/4/1797,John Adams,Federalist,F
3/4/1797,3/4/1801,Thomas Jefferson,Democratic-Republican,DR
3/4/1801,3/4/1805,Aaron Burr,Democratic-Republican,DR
3/4/1805,4/20/1812,George Clinton,Democratic-Republican,DR
3/4/1813,11/23/1814,Elbridge Gerry,Democratic-Republican,DR
3/4/1817,3/4/1825,Daniel D. Tompkins,Democratic-Republican,DR
3/4/1825,12/28/1832,John C. Calhoun,Democratic-Republican,DR
3/4/1833,3/4/1837,Martin Van Buren,Democratic,D
3/4/1837,3/4/1841,Richard M. Johnson,Democratic,D
3/4/1841,4/4/1841,John Tyler,Whig,W
3/4/1845,3/4/1849,George M. Dallas,Democratic,D
3/4/1849,7/9/1850,Millard Fillmore,Whig,W
3/4/1853,4/18/1853,William R. King,Democratic,D
3/4/1857,3/4/1861,John C. Breckinridge,Democratic,D
3/4/1861,3/4/1865,Hannibal Hamlin,Republican,R
3/4/1865,4/15/1865,Andrew Johnson,National Union,NU
3/4/1869,3/4/1873,Schuyler Colfax,Republican,R
3/4/1873,11/22/1875,Henry Wilson,Republican,R
3/4/1877,3/4/1881,William A. Wheeler,Republican,R
3/4/1881,9/19/1881,Chester A. Arthur,Republican,R
3/4/1885,11/25/1885,Thomas A. Hendricks,Democratic,D
3/4/1889,3/4/1893,Levi P. Morton,Republican,R
3/4/1893,3/4/1897,Adlai Stevenson I,Democratic,D
3/4/1897,11/21/1899,Garret Hobart,Republican,R
3/4/1901,9/14/1901,Theodore Roosevelt,Republican,R
3/4/1905,3/4/1909,Charles W. Fairbanks,Republican,R
3/4/1909,10/30/1912,James S. Sherman,Republican,R
3/4/1913,3/4/1921,Thomas R. Marshall,Democratic,D
3/4/1921,8/2/1923,Calvin Coolidge,Republican,R
3/4/1925,3/4/1929,Charles G. Dawes,Republican,R
3/4/1929,3/4/1933,Charles Curtis,Republican,R
3/4/1933,1/20/1941,John N. Garner,Democratic,D
1/20/1941,1/20/1945,Henry A. Wallace,Democratic,D
1/20/1945,4/12/1945,Harry S. Truman,Democratic,D
1/20/1949,1/20/1953,Alben W. Barkley,Democratic,D
1/20/1953,1/20/1961,Richard Nixon,Republican,R
1/20/1961,11/22/1963,Lyndon B. Johnson,Democratic,D
1/20/1965,1/20/1969,Hubert Humphrey,Democratic,D
1/20/1969,10/10/1973,Spiro Agnew,Republican,R
12/6/1973,8/9/1974,Gerald R. Ford,Republican,R
12/19/1974,1/20/1977,Nelson Rockefeller,Republican,R
1/20/1977,1/20/1981,Walter Mondale,Democratic,D
1/20/1981,1/20/1989,George H. W. Bush,Republican,R
1/20/1989,1/20/1993,Dan Quayle,Republican,R
1/20/1993,1/20/2001,Al Gore,Democratic,D
1/20/2001,1/20/2009,Dick Cheney,Republican,R
1/20/2009,1/20/2017,Joe Biden,Democratic,D
1/20/2017,1/20/2021,Mike Pence,Republican,R
1/20/2021,1/20/2025,Kamala Harris,Democratic,D